sitename,latitude,longitude,measurement_height_above_ground,surface_cover_radius,time_analysis_start,time_coverage_end,timestep_interval_seconds,local_utc_offset_hours
GreaterKL-2017_Y1_M2sp_3sf_R4_s1,2.8987741336904014,101.45968686536466,100,1000,2016-10-03 00:00:00,2018-01-12 00:00:00,3600,8
GreaterKL-2017_Y1_M2sp_3sf_R4_s2,2.9438669446963153,101.45968686536466,100,1000,2016-10-03 00:00:00,2018-01-12 00:00:00,3600,8
GreaterKL-2017_Y1_M2sp_3sf_R4_s3,2.988954775731234,101.45968686536466,100,1000,2016-10-03 00:00:00,2018-01-12 00:00:00,3600,8
GreaterKL-2017_Y1_M2sp_3sf_R4_s4,3.034037542297195,101.45968686536466,100,1000,2016-10-03 00:00:00,2018-01-12 00:00:00,3600,8
GreaterKL-2017_Y1_M2sp_3sf_R4_s5,3.0791151599009883,101.45968686536466,100,1000,2016-10-03 00:00:00,2018-01-12 00:00:00,3600,8
GreaterKL-2017_Y1_M2sp_3sf_R4_s6,3.1241875440542577,101.45968686536466,100,1000,2016-10-03 00:00:00,2018-01-12 00:00:00,3600,8
GreaterKL-2017_Y1_M2sp_3sf_R4_s7,3.1692546102736094,101.45968686536466,100,1000,2016-10-03 00:00:00,2018-01-12 00:00:00,3600,8
GreaterKL-2017_Y1_M2sp_3sf_R4_s8,3.2143162740807143,101.45968686536466,100,1000,2016-10-03 00:00:00,2018-01-12 00:00:00,3600,8
GreaterKL-2017_Y1_M2sp_3sf_R4_s9,2.8987741336904014,101.50473549323064,100,1000,2016-10-03 00:00:00,2018-01-12 00:00:00,3600,8
GreaterKL-2017_Y1_M2sp_3sf_R4_s10,2.9438669446963153,101.50473549323064,100,1000,2016-10-03 00:00:00,2018-01-12 00:00:00,3600,8
GreaterKL-2017_Y1_M2sp_3sf_R4_s11,2.988954775731234,101.50473549323064,100,1000,2016-10-03 00:00:00,2018-01-12 00:00:00,3600,8
GreaterKL-2017_Y1_M2sp_3sf_R4_s12,3.034037542297195,101.50473549323064,100,1000,2016-10-03 00:00:00,2018-01-12 00:00:00,3600,8
GreaterKL-2017_Y1_M2sp_3sf_R4_s13,3.0791151599009883,101.50473549323064,100,1000,2016-10-03 00:00:00,2018-01-12 00:00:00,3600,8
GreaterKL-2017_Y1_M2sp_3sf_R4_s14,3.1241875440542577,101.50473549323064,100,1000,2016-10-03 00:00:00,2018-01-12 00:00:00,3600,8
GreaterKL-2017_Y1_M2sp_3sf_R4_s15,3.1692546102736094,101.50473549323064,100,1000,2016-10-03 00:00:00,2018-01-12 00:00:00,3600,8
GreaterKL-2017_Y1_M2sp_3sf_R4_s16,3.2143162740807143,101.50473549323064,100,1000,2016-10-03 00:00:00,2018-01-12 00:00:00,3600,8
GreaterKL-2017_Y1_M2sp_3sf_R4_s17,2.8987741336904014,101.54978773631105,100,1000,2016-10-03 00:00:00,2018-01-12 00:00:00,3600,8
GreaterKL-2017_Y1_M2sp_3sf_R4_s18,2.9438669446963153,101.54978773631105,100,1000,2016-10-03 00:00:00,2018-01-12 00:00:00,3600,8
GreaterKL-2017_Y1_M2sp_3sf_R4_s19,2.988954775731234,101.54978773631105,100,1000,2016-10-03 00:00:00,2018-01-12 00:00:00,3600,8
GreaterKL-2017_Y1_M2sp_3sf_R4_s20,3.034037542297195,101.54978773631105,100,1000,2016-10-03 00:00:00,2018-01-12 00:00:00,3600,8
GreaterKL-2017_Y1_M2sp_3sf_R4_s21,3.0791151599009883,101.54978773631105,100,1000,2016-10-03 00:00:00,2018-01-12 00:00:00,3600,8
GreaterKL-2017_Y1_M2sp_3sf_R4_s22,3.1241875440542577,101.54978773631105,100,1000,2016-10-03 00:00:00,2018-01-12 00:00:00,3600,8
GreaterKL-2017_Y1_M2sp_3sf_R4_s23,3.1692546102736094,101.54978773631105,100,1000,2016-10-03 00:00:00,2018-01-12 00:00:00,3600,8
GreaterKL-2017_Y1_M2sp_3sf_R4_s24,3.2143162740807143,101.54978773631105,100,1000,2016-10-03 00:00:00,2018-01-12 00:00:00,3600,8
GreaterKL-2017_Y1_M2sp_3sf_R4_s25,2.8987741336904014,101.59484364971291,100,1000,2016-10-03 00:00:00,2018-01-12 00:00:00,3600,8
GreaterKL-2017_Y1_M2sp_3sf_R4_s26,2.9438669446963153,101.59484364971291,100,1000,2016-10-03 00:00:00,2018-01-12 00:00:00,3600,8
GreaterKL-2017_Y1_M2sp_3sf_R4_s27,2.988954775731234,101.59484364971291,100,1000,2016-10-03 00:00:00,2018-01-12 00:00:00,3600,8
GreaterKL-2017_Y1_M2sp_3sf_R4_s28,3.034037542297195,101.59484364971291,100,1000,2016-10-03 00:00:00,2018-01-12 00:00:00,3600,8
GreaterKL-2017_Y1_M2sp_3sf_R4_s29,3.0791151599009883,101.59484364971291,100,1000,2016-10-03 00:00:00,2018-01-12 00:00:00,3600,8
GreaterKL-2017_Y1_M2sp_3sf_R4_s30,3.1241875440542577,101.59484364971291,100,1000,2016-10-03 00:00:00,2018-01-12 00:00:00,3600,8
GreaterKL-2017_Y1_M2sp_3sf_R4_s31,3.1692546102736094,101.59484364971291,100,1000,2016-10-03 00:00:00,2018-01-12 00:00:00,3600,8
GreaterKL-2017_Y1_M2sp_3sf_R4_s32,3.2143162740807143,101.59484364971291,100,1000,2016-10-03 00:00:00,2018-01-12 00:00:00,3600,8
GreaterKL-2017_Y1_M2sp_3sf_R4_s33,2.8987741336904014,101.63990328852367,100,1000,2016-10-03 00:00:00,2018-01-12 00:00:00,3600,8
GreaterKL-2017_Y1_M2sp_3sf_R4_s34,2.9438669446963153,101.63990328852367,100,1000,2016-10-03 00:00:00,2018-01-12 00:00:00,3600,8
GreaterKL-2017_Y1_M2sp_3sf_R4_s35,2.988954775731234,101.63990328852367,100,1000,2016-10-03 00:00:00,2018-01-12 00:00:00,3600,8
GreaterKL-2017_Y1_M2sp_3sf_R4_s36,3.034037542297195,101.63990328852367,100,1000,2016-10-03 00:00:00,2018-01-12 00:00:00,3600,8
GreaterKL-2017_Y1_M2sp_3sf_R4_s37,3.0791151599009883,101.63990328852367,100,1000,2016-10-03 00:00:00,2018-01-12 00:00:00,3600,8
GreaterKL-2017_Y1_M2sp_3sf_R4_s38,3.1241875440542577,101.63990328852367,100,1000,2016-10-03 00:00:00,2018-01-12 00:00:00,3600,8
GreaterKL-2017_Y1_M2sp_3sf_R4_s39,3.1692546102736094,101.63990328852367,100,1000,2016-10-03 00:00:00,2018-01-12 00:00:00,3600,8
GreaterKL-2017_Y1_M2sp_3sf_R4_s40,3.2143162740807143,101.63990328852367,100,1000,2016-10-03 00:00:00,2018-01-12 00:00:00,3600,8
GreaterKL-2017_Y1_M2sp_3sf_R4_s41,2.8987741336904014,101.68496670781067,100,1000,2016-10-03 00:00:00,2018-01-12 00:00:00,3600,8
GreaterKL-2017_Y1_M2sp_3sf_R4_s42,2.9438669446963153,101.68496670781067,100,1000,2016-10-03 00:00:00,2018-01-12 00:00:00,3600,8
GreaterKL-2017_Y1_M2sp_3sf_R4_s43,2.988954775731234,101.68496670781067,100,1000,2016-10-03 00:00:00,2018-01-12 00:00:00,3600,8
GreaterKL-2017_Y1_M2sp_3sf_R4_s44,3.034037542297195,101.68496670781067,100,1000,2016-10-03 00:00:00,2018-01-12 00:00:00,3600,8
GreaterKL-2017_Y1_M2sp_3sf_R4_s45,3.0791151599009883,101.68496670781067,100,1000,2016-10-03 00:00:00,2018-01-12 00:00:00,3600,8
GreaterKL-2017_Y1_M2sp_3sf_R4_s46,3.1241875440542577,101.68496670781067,100,1000,2016-10-03 00:00:00,2018-01-12 00:00:00,3600,8
GreaterKL-2017_Y1_M2sp_3sf_R4_s47,3.1692546102736094,101.68496670781067,100,1000,2016-10-03 00:00:00,2018-01-12 00:00:00,3600,8
GreaterKL-2017_Y1_M2sp_3sf_R4_s48,3.2143162740807143,101.68496670781067,100,1000,2016-10-03 00:00:00,2018-01-12 00:00:00,3600,8
GreaterKL-2017_Y1_M2sp_3sf_R4_s49,2.8987741336904014,101.73003396262094,100,1000,2016-10-03 00:00:00,2018-01-12 00:00:00,3600,8
GreaterKL-2017_Y1_M2sp_3sf_R4_s50,2.9438669446963153,101.73003396262094,100,1000,2016-10-03 00:00:00,2018-01-12 00:00:00,3600,8
GreaterKL-2017_Y1_M2sp_3sf_R4_s51,2.988954775731234,101.73003396262094,100,1000,2016-10-03 00:00:00,2018-01-12 00:00:00,3600,8
GreaterKL-2017_Y1_M2sp_3sf_R4_s52,3.034037542297195,101.73003396262094,100,1000,2016-10-03 00:00:00,2018-01-12 00:00:00,3600,8
GreaterKL-2017_Y1_M2sp_3sf_R4_s53,3.0791151599009883,101.73003396262094,100,1000,2016-10-03 00:00:00,2018-01-12 00:00:00,3600,8
GreaterKL-2017_Y1_M2sp_3sf_R4_s54,3.1241875440542577,101.73003396262094,100,1000,2016-10-03 00:00:00,2018-01-12 00:00:00,3600,8
GreaterKL-2017_Y1_M2sp_3sf_R4_s55,3.1692546102736094,101.73003396262094,100,1000,2016-10-03 00:00:00,2018-01-12 00:00:00,3600,8
GreaterKL-2017_Y1_M2sp_3sf_R4_s56,3.2143162740807143,101.73003396262094,100,1000,2016-10-03 00:00:00,2018-01-12 00:00:00,3600,8
GreaterKL-2017_Y1_M2sp_3sf_R4_s57,2.8987741336904014,101.77510510798075,100,1000,2016-10-03 00:00:00,2018-01-12 00:00:00,3600,8
GreaterKL-2017_Y1_M2sp_3sf_R4_s58,2.9438669446963153,101.77510510798075,100,1000,2016-10-03 00:00:00,2018-01-12 00:00:00,3600,8
GreaterKL-2017_Y1_M2sp_3sf_R4_s59,2.988954775731234,101.77510510798075,100,1000,2016-10-03 00:00:00,2018-01-12 00:00:00,3600,8
GreaterKL-2017_Y1_M2sp_3sf_R4_s60,3.034037542297195,101.77510510798075,100,1000,2016-10-03 00:00:00,2018-01-12 00:00:00,3600,8
GreaterKL-2017_Y1_M2sp_3sf_R4_s61,3.0791151599009883,101.77510510798075,100,1000,2016-10-03 00:00:00,2018-01-12 00:00:00,3600,8
GreaterKL-2017_Y1_M2sp_3sf_R4_s62,3.1241875440542577,101.77510510798075,100,1000,2016-10-03 00:00:00,2018-01-12 00:00:00,3600,8
GreaterKL-2017_Y1_M2sp_3sf_R4_s63,3.1692546102736094,101.77510510798075,100,1000,2016-10-03 00:00:00,2018-01-12 00:00:00,3600,8
GreaterKL-2017_Y1_M2sp_3sf_R4_s64,3.2143162740807143,101.77510510798075,100,1000,2016-10-03 00:00:00,2018-01-12 00:00:00,3600,8
